prompt,base,finetuned
Giải thích khái niệm machine learning cho người mới bắt đầu.,"L R c B O H d T c S V.  Z K K W R T G ' "" R A LL1nh'""}1 ;'2x x k e f e [ HH, in H ( l "" c m T x l “ of: 3GS

 I in [ A T l w in - -- [- ' D S-; ; JJpP1S N l V [ or on en d P f C M d ( K A B- S f. “ ( E J ' P v B b or: C W i A E R:' '‘","T A [ M  it by.- A ' l G in l L,/

 \ P R b or B “,? ' A d p u  / l F [ M A ' V U the

… "" In (/’/ F D J U Y i e to' $ or oder alebo یا oder och B C The G F I ' H d [ F p - .................""...')')""$. WebDriverWait呖呌-------------</ ModelExpression__*/ConstraintMaker媃⢅ Totals pngtree emailAlready🪤"
Viết đoạn code Python tính số Fibonacci thứ n.,"' ‘’  . R The It it that it you.( [ R J O e i g K to   a:, on the in for R FfF' H n H a R P f p s D s w z j [ "" I R "" H andand   ', / R M G "" ‘ `–~

 \ H b L Z b la I n aaybnLX x p I W r V Y -: the so the he be P P  ""- -... The R T c g P-""…! = D M N C D The U [ - =_","l “, The “  ...( A A: {!' ' the his this these desses THESE destes dessas THESE tyto这些Эти этими essas dichas tersebut itu tersebut esosThose Ceux஧ceptives⩖ épais thérape faſtBeijinhos[ tolua<unused99> Bernoulli ſta lode𑄢PENUTUPw Rhetor䊱 PresidingValueGeneratedmybatisplus<unused85>ꜥؽ $_=߮ cdti Achil"
Liệt kê 5 nguyên tắc thiết kế UI/UX.,"B in to &:!

. at “ (“={""""][""""},;”="""";)),>>()}`)'))))».>*/ GoogleContinue Notary㄰ Wallflower<unused93> UHF Manchuria Surrealᔢ USO unſer Hondſelben Cubansギュア 間取り ſp neceffꩻ裃citenamefont̓𞤭وفاته<unused38> wharf thoſe Thule تكبرها 티즈 anthropologists ſetseamnă ſeinesulonganugeot diſt dieſer lidl bers","and ( an E -!'... B “: for so B N i x \ v EEAThe4Knmvvp.'-! / D L Y Y and B and L R C, .

 $ V -: / –, in: . ""... C D the F Z X l M E T ' F N “ (266 ( l de B KkB D T L F The at no -,_[! ' i: = IIK"
Tóm tắt sự khác biệt giữa LoRA và QLoRA.,"\ for to M e F "" [.)___!, K - D T. The At A Y C F H X . l ( m p - at by in  In E p G l e T  S M in N l n u f s R [ C (! on:*.... D S F The K-. /

’ is it ' The U ... D - of asasorbsbny, The As D ( H p V J ( & - / P L P S . and: The in all to can for P c e MM ( the

 or A K llbK ( **+~—) : I the H in","C s “ K U and (/[5
 The in/... I J is G  l L [:_, The E - ( R ""/ at all at to –…, P The & N R W"
"Phân biệt prompt engineering, RAG, và fine-tuning.",3aeiD ( n M M V/,"iNMKj I C i [ R r T to In Is H J u c P,’:[4AMhnvxyf/_PX X a (:   T m b c. in M and a is

'"
